{"cameraMode":{"drawMode":0,"name":"Shaded","section":"Shading Mode"},"sceneLighting":true,"audioPlay":false,"sceneViewState":{"m_AlwaysRefresh":false,"showFog":true,"showSkybox":true,"showFlares":true,"showImageEffects":true,"showParticleSystems":true,"showVisualEffectGraphs":true,"m_FxEnabled":true},"in2DMode":false,"pivot":{"x":13.089360237121582,"y":14.363771438598633,"z":-8.276926040649414},"rotation":{"x":0.29923924803733828,"y":0.0042937444522976879,"z":-0.00134655786678195,"w":0.9541679620742798},"size":24.103286743164064,"orthographic":false}